"""0bsd""",CC-BY-4.0&(CC-BY-4.0|MIT|OFL-1.1)&CC-BY-4.0&(CC-BY-4.0)&CC-BY-4.0&(CC-BY-4.0|MIT|OFL-1.1)
"""0-BSD""",0BSD
"""(0BSD OR MIT)""",(0BSD|MIT)
"""4D Open Source License""",UNKNOWN
"""695529149@qq.com""",UNKNOWN
"""768616253@qq.com""",UNKNOWN
"""963097377@qq.com""",UNKNOWN
"""996ICU AND MIT""",MIT&UNKNOWN
"""Accent Technologies""",Identity-Clause
"""Actemium""",Identity-Clause
"""(AFL-2.1 OR BSD-3-Clause)""",CC-BY-4.0&(CC-BY-4.0|MIT|OFL-1.1)&CC-BY-4.0&(CC-BY-4.0)&CC-BY-4.0&(CC-BY-4.0|MIT|OFL-1.1)
"""AGPL-1.0-or-later""",AGPL-1.0+
"""AGPL-3.0-or-better""",(AGPL-3.0|UNKNOWN)
"""(AGPL-3.0 OR EUPL-1.2)""",(AGPL-3.0|EUPL-1.2)
"""(AGPL-3.0-or-later OR Apache-2.0)""",(AGPL-3.0+|Apache-2.0)
"""(AGPL-3.0-or-later OR SEE LICENSE IN EULA.md)""",AGPL-3.0+
"""AGPLw-3.0""",UNKNOWN
"""<a href='https://sonycsl.github.io/node-picogw-plugin-nanogw/LICENSE.txt'>LICENSE</a>""",NanoGW-Plugin-PicoGW-EULA
"""Alcatel-Lucent Enterprise""",Identity-Clause
"""Alcodes Mobility Pvt ltd""",Identity-Clause
"""ALIBABA GROUP""",Identity-Clause
"""AndonCloud.com licence""",UNKNOWN
"""anti 996""",UNKNOWN
"""anti-996""",UNKNOWN
"""Anti 996""",UNKNOWN
"""Anti-996""",UNKNOWN
"""Anti996""",UNKNOWN
"""Anti-996 License""",UNKNOWN
"""ANY LICENSE YOU WANT""",Nonsensical-Clause
"""AOL/MIT""",(MIT|UNKNOWN)
"""Apache 0.2""",UNKNOWN
"""Apache-2.0 AND BSL-1.0""",Apache-2.0&BSL-1.0
"""Apache-2.0 AND MIT""",Apache-2.0&MIT
"""Apache-2.0 AND OFL-1.1""",Apache-2.0&OFL-1.1
"""Apache-2.0 and proprietary""",Apache-2.0
"""(Apache-2.0 AND Prosperity-3.0.0)""",Apache-2.0&UNKNOWN
"[""Apache 2.0"",""ISC""]",Apache-2.0&ISC
"""Apache-2.0/MIT""",(Apache-2.0|MIT)
"""Apache-2.0MIT""",Apache-2.0&MIT
"""(Apache-2.0 OR Amazon Software License)""",(Amazon-Software-License|Apache-2.0)
"""Apache-2.0 OR CC-BY-4.0""",(Apache-2.0|CC-BY-4.0)
"""(Apache-2.0 OR GPL-2.0)""",(Apache-2.0|GPL-2.0)
"""(Apache-2.0 OR ISC)""",(Apache-2.0|ISC)
"""Apache-2.0 or MIT""",(Apache-2.0|MIT)
"""Apache-2.0 OR MIT""",(Apache-2.0|MIT)
"""Apache-2.0 WITH LLVM-exception""",Apache-2.0&UNKNOWN
"""Apache 2.0 with modifications; see LICENSE.md""",Apache-2.0&UNKNOWN
"""Apacheq-2.0""",Generic-Liberal-Clause
"""APL-2.0""",Apache-2.0
"""APL2.0""",Apache-2.0
"""Apollo Platform Commercial License""",UNKNOWN
"""Apple flavored smooth corners for React Native""",Nonsensical-Clause
"""Appodeal, Inc""",Identity-Clause
"""APPODEAL, Inc""",Identity-Clause
"""Artistic-2.0 OR LicenseRef-LICENSE""",(Artistic-2.0|UNKNOWN)
"""ASF-2.0""",Apache-2.0
"""Ask Chet""",Nonsensical-Clause
"""ask rethinkdb""",Nonsensical-Clause
"""Asurion Inc""",Identity-Clause
"""Atlassian Developer Terms""",UNKNOWN
"""Atlassian End User License""",UNKNOWN
"""Auris""",Nonsensical-Clause
"""Beerware/Pizzaware""",(Beerware|Pizzaware)
"""BharatPe""",Identity-Clause
"""bigsea""",Nonsensical-Clause
"""bigsea.cc""",Nonsensical-Clause
"""bizznis""",Nonsensical-Clause
"""Blibli.com Open Source""",Generic-Open-Source-Clause
"""(BlueOak-1.0.0 OR BSD-2-Clause-Patent)""",(BlueOak-1.0.0|BSD-2-Clause-Patent)
"""(BlueOak-1.0.0 OR MIT)""",(BlueOak-1.0.0|MIT)
"""Bpi France""",Identity-Clause
"""(BSD-2-Clause OR GPL-2.0-only)""",(BSD-2-Clause|GPL-2.0)
"""(BSD-2-Clause OR Unlicense)""",(BSD-2-Clause|Unlicense)
"""BSD-3.0""",BSD-3-Clause
"""(BSD-3-Clause OR Apache-2.0)""",(Apache-2.0|BSD-3-Clause)
"""BSD 3-Clause + PATENTS""",BSD-3-Clause-Patent
"""BSD-4-Clause-UC""",BSD-4-Clause-UC
"""Buefy - MTI""",UNKNOWN
"""BUY MILES A BEER LICENSE - see LICENSE file""",See-License-Clause
"""BY-NC-SA 4.0""",CC-BY-NC-SA-4.0
"""CC0-1.0, ISC""",CC0-1.0&ISC
"""CC0-1.0 OR MIT""",(CC0-1.0|MIT)
"""CC-BY-40""",CC-BY-4.0
"[""CC-BY-4.0"",""MIT-CMU""]",CC-BY-4.0&MIT-CMU
"""(CC-BY-4.0 OR OFL-1.1 OR MIT)""",(CC-BY-4.0|MIT|OFL-1.1)
"""CC BY 4.0, SIL OFL 1.1, MIT""",CC-BY-4.0&MIT&OFL-1.1
"""(CC-BY-SA-4.0 AND AGPL-3.0)""",AGPL-3.0&CC-BY-SA-4.0
"""CC-NC-SA-4.0""",CC-BY-NC-SA-4.0
"""CeCCIL-c""",CECILL-C
"""(CECILL-B OR MIT)""",(CECILL-B|MIT)
"""cevric.ju@gmail.com""",UNKNOWN
"""ClickSoftware""",Identity-Clause
"""ClickSoftware LTD""",Identity-Clause
"""Clicktale LTD""",Identity-Clause
"""CloudSense""",Identity-Clause
"""COmcast Mobility Development Team""",UNKNOWN
"""comercial""",COMMERCIAL
"""COMERCIAL""",COMMERCIAL
"""COMLOG GmbH""",Identity-Clause
"""Commerce""",Nonsensical-Clause
"""Commercial Confidential""",COMMERCIAL
"""Commercial EdSDK license""",COMMERCIAL
"""Commercial property""",COMMERCIAL
"""Commercial/Proprietary""",COMMERCIAL
"""Commercial, SEE LICENSE IN LICENSE.md""",COMMERCIAL
"""commercical""",COMMERCIAL
"""commerical""",COMMERCIAL
"""Commerical""",COMMERCIAL
"""Commertial""",COMMERCIAL
"""Company 2017""",Nonsensical-Clause
"""Contact us""",Nonsensical-Clause
"""Contains National Statistics data © Crown copyright and database right [2018], Contains OS data © Crown copyright and database right [2018]""",UNKNOWN
"""Copyright 2020 Travis C. LaGrone\n\nPermission is hereby granted, free of charge, to any person obtaining a copy of this software and associated documentation files (the \""Software\""), to deal in the Software without restriction, including without limitation the rights to use, copy, modify, merge, publish, distribute, sublicense, and/or sell copies of the Software, and to permit persons to whom the Software is furnished to do so, subject to the following conditions:\n\nThe above copyright notice and this permission notice shall be included in all copies or substantial portions of the Software.\n\nTHE SOFTWARE IS PROVIDED \""AS IS\"", WITHOUT WARRANTY OF ANY KIND, EXPRESS OR IMPLIED, INCLUDING BUT NOT LIMITED TO THE WARRANTIES OF MERCHANTABILITY, FITNESS FOR A PARTICULAR PURPOSE AND NONINFRINGEMENT. IN NO EVENT SHALL THE AUTHORS OR COPYRIGHT HOLDERS BE LIABLE FOR ANY CLAIM, DAMAGES OR OTHER LIABILITY, WHETHER IN AN ACTION OF CONTRACT, TORT OR OTHERWISE, ARISING FROM, OUT OF OR IN CONNECTION WITH THE SOFTWARE OR THE USE OR OTHER DEALINGS IN THE SOFTWARE.""",MIT
"""Copyright (c) 2018 Edgeworx, Inc. \nEclipse ioFog is provided under the Eclipse Public License 2.0 (EPL-2.0) \nhttps://www.eclipse.org/legal/epl-v20.html""",EPL-2.0
"""Copyright@Mindstix [Snehal Humne] Licensed under the Apache License, Version 2.0 (the \""License\""); you may not use this file except in compliance with the License. You may obtain a copy of the License at http://www.apache.org/licenses/LICENSE-2.0 Unless required by applicable law or agreed to in writing, software distributed under the License is distributed on an \""AS IS\"" BASIS, WITHOUT WARRANTIES OR CONDITIONS OF ANY KIND, either express or implied. See the License for the specific language governing permissions and limitations under the License.""",Apache-2.0
"""CPOL""",CPOL-UNSPECIFIED
"""Creative Commons Attribution-NonCommercial 4.0 / or Granted by SGApps Labs""",CC-BY-NC-4.0
"""Creative Commons Attribution Share Alike 4.0 International""",CC-BY-SA-4.0
"""Creative Commons Attribution-ShareAlike 4.0 International License.""",CC-BY-SA-4.0
"""CUSTOM""",UNKNOWN
"""Custom + Apache 2.0""",Apache-2.0&UNKNOWN
"""CUSTOM https://bitbucket.org/addapptr/aatkit-ios/wiki/Home https://bitbucket.org/addapptr/showcase-android/wiki/Home""",UNKNOWN
"""dabin""",Nonsensical-Clause
"""Dadou""",Nonsensical-Clause
"""Davice Martucci""",Identity-Clause
"""Daymon""",Nonsensical-Clause
"""(DERIVED BEER-WARE OR Apache-2.0)""",(Apache-2.0|UNKNOWN)
"""Devinition""",Nonsensical-Clause
"""DFDS""",Nonsensical-Clause
"""dianquan""",Nonsensical-Clause
"""dinkjs""",Nonsensical-Clause
"""DinkStudio""",Identity-Clause
"""dist/js/main.js""",UNKNOWN
"""Do No Harm License""",UNKNOWN
"""Dual-license""",UNKNOWN
"""Eclipse Distribution License - v 1.0""",EDL-1.0
"""ECS""",Nonsensical-Clause
"""EGL""",Nonsensical-Clause
"""Eiffel Forum License, version 2""",EFL-2.0
"""(EPL-2.0 OR MIT)""",(EPL-2.0|MIT)
"""Ermeo""",UNKNOWN
"""(EUPL-1.2 OR Apache-2.0)""",(Apache-2.0|EUPL-1.2)
"""for internal use only""",Proprietary-Clause
"""For internal use only""",Proprietary-Clause
"""FOR INTERNAL USE ONLY""",Proprietary-Clause
"""FSFAP""",FSFAP
"""ftao""",Nonsensical-Clause
"""GLP-2.0+""",Generic-Copyleft-Clause
"""GLP-3""",Generic-Copyleft-Clause
"""GLP-3.0""",Generic-Copyleft-Clause
"""GNP3""",Nonsensical-Clause
"""GNU 2""",UNKNOWN
"""GNU 2.0""",UNKNOWN
"""GNU-3.0""",UNKNOWN
"""GNU3.0""",UNKNOWN
"""GNU 3.0v""",UNKNOWN
"""(GPL-2.0-only OR Apache-2.0 OR MIT)""",(Apache-2.0|GPL-2.0|MIT)
"""GPL-2.0-or-later, Apache-2.0""",(Apache-2.0|GPL-2.0+)
"""(GPL-2.0-or-later OR LGPL-2.1 OR MPL-1.1)""",(GPL-2.0+|LGPL-2.1|MPL-1.1)
"""GPL-2.0-or-later OR MIT OR Commercial""",(COMMERCIAL|GPL-2.0+|MIT)
"""GPL-2.0-or-later OR MIT OR Commercial https://xdsoft.net/jodit/commercial/""",(COMMERCIAL|GPL-2.0+|MIT)
"""(GPL-2.0 OR LGPL-2.1 OR MPL-1.1 OR CC-BY-SA-3.0)""",(CC-BY-SA-3.0|GPL-2.0|LGPL-2.1|MPL-1.1)
"""(GPL-2.0 OR LGPL-3.0 OR MPL-1.1)""",(GPL-2.0|LGPL-3.0|MPL-1.1)
"""GPL-3.0-and-later""",GPL-3.0+
"""GPL-3.0./bi""",GPL-3.0
"""GPL-3.0L""",GPL-3.0
"""GPL-3.0-only WITH Qt-GPL-exception-1.0""",GPL-3.0&UNKNOWN
"""(GPL-3.0 OR Artistic-2.0)""",(Artistic-2.0|GPL-3.0)
"""GPL-3.0 OR Commercial""",(COMMERCIAL|GPL-3.0)
"""gpl-3.0-or-later""",GPL-3.0+
"""GPL-3.0-OR-LATER""",GPL-3.0+
"""(GPL-3.0-or-later OR AGPL-3.0-or-later)""",(AGPL-3.0+|GPL-3.0+)
"""(GPL-3.0-or-later OR MIT)""",(GPL-3.0+|MIT)
"""GPL-3.0-or-later OR MIT""",(GPL-3.0+|MIT)
"""(GPL-3.0 OR LGPL-3.0)""",(GPL-3.0|LGPL-3.0)
"""(GPL-3.0 or MIT)""",(GPL-3.0|MIT)
"""(GPL-3.0+ OR MIT)""",(GPL-3.0+|MIT)
"""GPL-3.0 OR MIT""",(GPL-3.0|MIT)
"""GPL-3.0ss""",GPL-3.0
"""GPL-3.0\t""",GPL-3.0
"""GPL-3.0-with-autoconf-exception""",GPL-3.0-with-autoconf-exception
"""GPL3 <https://github.com/erikni/logni.js/blob/master/LICENSE>""",GPL-3.0
"""GPL3 <LICENSE>""",GPL-3.0
"""(GPL AND BSD-3-Clause)""",BSD-3-Clause&GPL-UNSPECIFIED
"""GPL (GPLv3)""",GPL-3.0
"""GPL OR MIT""",(GPL-UNSPECIFIED|MIT)
"""GPLv1""",GPL-1.0
"""GPLV2.1""",UNKNOWN
"""GPLv2/BSD 2-Clause""",(BSD-2-Clause|GPL-2.0)
"""GPL v2 or Apache""",(Apache-UNSPECIFIED|GPL-2.0)
"""GPL V2 or Apache V2)""",(Apache-2.0|GPL-2.0)
"""gpl-v3""",GPL-3.0
"""GPL-v3.0""",GPL-3.0
"""GPL-v3.0-or-later""",GPL-3.0+
"""GPLv3, Copyright (C) 2018 Greg Denehy""",GPL-3.0
"""GPLv3-higher""",GPL-3.0+
"""GPL-v3-or-later""",GPL-3.0+
"""GPL version 3""",GPL-3.0
"""GPSL""",Nonsensical-Clause
"""GPU3.0""",UNKNOWN
"""Grove Company""",Identity-Clause
"""GS""",Nonsensical-Clause
"""GTMC""",Nonsensical-Clause
"""HAL""",Nonsensical-Clause
"""HAPI""",Nonsensical-Clause
"""HARNESS""",Nonsensical-Clause
"""HARTING""",Nonsensical-Clause
"""Harvest""",Nonsensical-Clause
